[
  {
    "categoryName": "Sortbox",
    "tutorials": [{ "name": "Arranging items", "images": [] }]
  },
  {
    "categoryName": "Boards",
    "tutorials": [
      { "name": "What are Boards?" },
      { "name": "Create a board" },
      { "name": "Drag & Drop" },
      { "name": "Associatons" },
      { "name": "Annotations" }
    ]
  },
  { "categoryName": "Topics", "tutorials": [{ "name": "How to " }] },
  { "categoryName": "Emails" },
  { "categoryName": "Sort" },
  { "categoryName": "Contacts", "tutorials": [{ "name": "How to " }] }
]
